<modification>
    <name>Информация о производителях</name>
	<version>0.1</version>
	<author>Nik</author>
	<code>manufacturers_information</code>

	
	<file path="admin/controller/common/menu.php">
		<operation>
			<search trim="true"><![CDATA[
				/* octeam */
				]]></search>
			<add position="after" offset="1" trim="false"><![CDATA[
		/* ПРОИЗВОДИТЕЛИ */
		$data['text_manufacturers'] = $this->language->get('text_manufacturers');
		$data['manufacturers'] = $this->url->link('extension/manufacturers', 'token=' . $this->session->data['token'], 'SSL');

				]]></add>
		</operation>
	</file>

	<file path="admin/language/russian/common/menu.php">
		<operation>
			<search><![CDATA[
$_['text_octeam_toolset']              		= 'OC Team';
				]]></search>
			<add position="after"><![CDATA[
/* ПРОИЗВОДИТЕЛИ */
$_['text_manufacturers']              		= 'Информация о производителях';
				]]></add>
		</operation>
	</file>

	<file path="admin/view/template/common/menu.tpl">
		<operation>
			<search><![CDATA[
				<li><a href="<?php echo $octeam_toolset; ?>"><?php echo $text_octeam_toolset; ?></a></li>
				]]></search>
			<add position="after"><![CDATA[
          <li><a href="<?php echo $manufacturers; ?>"><?php echo $text_manufacturers; ?></a></li>
				]]></add>
		</operation>
	</file>

<!-- 	<file path="admin/language/russian/common/menu.php">
		<operation>
			<search><![CDATA[

				]]></search>
			<add><![CDATA[

				]]></add>
		</operation>
	</file> -->

	
</modification>